tag,n_ok,n_err,wall_s,ttft_p50,ttft_p99,tpot_p50,tpot_p99,maxitl_p99,e2e_p99,out_tok_s,cache_hit_%,slo_%,goodput_rps
default_r1,120,0,285.7,62.73049999999891,64122.69472000001,24.12650749863772,93.45630422912788,62786.48082,243109.28964000003,1181.1187805695295,11.526036955679029,95.83333333333333,0.40253519888539613
default_r2,120,0,285.2,59.430999999998235,64340.75782,24.00447179758018,93.17261231627637,63142.98416,240795.71177000005,1183.2510315561824,11.517422578283155,95.83333333333333,0.4032618879272655
default_r3,120,0,285.0,62.23449999999886,64247.82145,23.980626187689356,93.07476881240878,63093.58677000001,240609.25879000008,1184.013991753837,11.517422578283155,95.83333333333333,0.40352191116959885
ablated_r1,120,0,286.3,59.452500000000796,64970.617589999994,24.11887703126407,93.36190623563,63589.32823,241654.15689000004,1178.4652452322184,11.517422578283155,95.83333333333333,0.4016308517593274
ablated_r2,120,0,285.3,60.9159999999993,63638.24927,24.013201291966848,92.8534995198249,62334.30558000001,242495.86604000002,1182.6133999214378,11.526036955679029,96.66666666666667,0.4065493131699828
ablated_r3,120,0,285.3,57.72999999999939,64451.77841999999,23.982563280389755,92.82484673781416,63239.61555,240558.59868000002,1182.927912348552,11.515268983934186,96.66666666666667,0.4066574337199741
mine_a1.0_r1,120,0,272.8,6130.610000000001,92245.20254000001,22.977369307267693,24.349299531102773,106.20381000000307,227315.6879,1236.843652179345,11.52172976698109,100.0,0.4398539510407145
mine_a1.0_r2,120,0,272.8,8103.903500000001,92256.11167,22.97536023360675,24.35196940316494,106.59348000001131,227277.47263,1236.7328158844473,11.52172976698109,100.0,0.4398145347554438
mine_a1.0_r3,120,0,273.0,8110.9225000000015,92355.33411,22.990550326743268,24.365010264610152,106.52600000000234,227373.05538,1236.243152779409,11.52172976698109,100.0,0.43964039774867625
