log,retract_events,retracted_reqs,max_token_usage,max_running_reqs,max_queue_reqs,peak_kv_delays_logged,kv_pool_tokens
logs/det/server_reasoning_q0.2__default_off_r1.log,0,0,0.81,32,0,0,87552
logs/det/server_reasoning_q0.2__upstream_r1.log,0,0,0.80,32,0,0,87552
logs/det/server_reasoning_q2__default_off_r1.log,31,31,1.00,84,62,0,87552
logs/det/server_reasoning_q2__mine_a1.0_r1.log,0,0,0.99,57,62,11,87552
logs/det/server_reasoning_q2__upstream_r1.log,30,30,1.00,84,61,0,87552
logs/det/server_reasoning_q2__upstream_r2.log,30,30,1.00,84,61,0,87552
logs/server_batch_test.log,0,0,0.00,0,0,0,87552
logs/server_cross_default.log,1,1,1.00,106,147,0,87552
logs/server_cross_mine.log,0,0,1.00,114,147,1,87552
logs/server_q0.5.log,0,0,0.82,37,0,0,87552
logs/server_q0.6.log,1,1,0.99,42,13,0,87552
logs/server_q0.8.log,4,4,1.00,51,27,0,87552
logs/server_q1.log,7,7,1.00,54,48,0,87552
logs/server_q2.log,20,20,1.00,68,59,0,87552
logs/server_q4.log,29,29,1.00,84,58,0,87552
logs/server_q8.log,28,28,1.00,83,62,0,87552
logs/server_reasoning__ablated_r1.log,0,0,0.76,26,0,0,87552
logs/server_reasoning__mine_a1.0_r1.log,0,0,0.76,26,0,0,87552
logs/server_reasoning__upstream_r1.log,0,0,0.76,26,0,0,87552
logs/server_reasoning__upstream_r2.log,0,0,0.76,26,0,0,87552
logs/server_reasoning__upstream_r3.log,0,0,0.76,26,0,0,87552
logs/server_reasoning_q0.5__ablated_r1.log,0,0,0.82,37,0,0,87552
logs/server_reasoning_q0.5__default_r1.log,0,0,0.82,37,0,0,87552
logs/server_reasoning_q0.5__mine_a1.0_r1.log,0,0,0.82,37,0,0,87552
logs/server_reasoning_q1__ablated_r1.log,6,6,0.99,54,48,0,87552
logs/server_reasoning_q1__default_r1.log,7,7,1.00,54,48,0,87552
logs/server_reasoning_q1__mine_a1.0_r1.log,0,0,1.00,53,46,13,87552
logs/server_reasoning_q1__tuned_n40_r1.log,1,1,0.99,40,44,0,87552
logs/server_reasoning_q2__ablated_r1.log,21,21,1.00,68,59,0,87552
logs/server_reasoning_q2__ablated_r2.log,20,20,1.00,68,59,0,87552
logs/server_reasoning_q2__ablated_r3.log,21,21,1.00,68,59,0,87552
logs/server_reasoning_q2__cap65k_r1.log,22,22,1.00,56,72,0,65536
logs/server_reasoning_q2__default_r1.log,20,20,1.00,68,59,0,87552
logs/server_reasoning_q2__default_r2.log,19,19,1.00,68,59,0,87552
logs/server_reasoning_q2__default_r3.log,19,19,1.00,68,59,0,87552
logs/server_reasoning_q2__mine_a0.5_r1.log,19,19,1.00,68,59,0,87552
logs/server_reasoning_q2__mine_a0.6_r1.log,20,20,1.00,68,59,0,87552
logs/server_reasoning_q2__mine_a0.75_r1.log,13,13,1.00,65,59,1,87552
logs/server_reasoning_q2__mine_a0.9_r1.log,7,7,1.00,58,60,8,87552
logs/server_reasoning_q2__mine_a1.0_p16_r1.log,0,0,0.98,54,59,25,87552
logs/server_reasoning_q2__mine_a1.0_r1.log,0,0,1.00,55,59,24,87552
logs/server_reasoning_q2__mine_a1.0_r2.log,0,0,1.00,55,59,24,87552
logs/server_reasoning_q2__mine_a1.0_r3.log,0,0,1.00,55,59,24,87552
logs/server_reasoning_q2__noradix_r1.log,0,0,0.99,54,60,0,87552
logs/server_reasoning_q2__tuned_n24_r1.log,0,0,0.79,24,74,0,87552
logs/server_reasoning_q2__tuned_n32_r1.log,0,0,0.85,32,64,0,87552
logs/server_reasoning_q2__tuned_n40_r1.log,0,0,0.97,40,57,0,87552
logs/server_reasoning_q2__tuned_n48_r1.log,5,5,1.00,48,55,0,87552
logs/server_reasoning_q2__upstream_r1.log,19,19,1.00,68,59,0,87552
logs/server_reasoning_q2_m1000__default_r1.log,0,0,0.41,40,0,0,87552
logs/server_reasoning_q2_m1000__mine_a1.0_r1.log,0,0,0.41,40,0,0,87552
logs/server_reasoning_q2_m1000__tuned_n40_r1.log,0,0,0.41,40,0,0,87552
logs/server_reasoning_q2_s0.3__default_r1.log,27,27,1.00,67,72,0,87552
logs/server_reasoning_q2_s0.3__mine_a1.0_r1.log,0,0,0.99,49,72,16,87552
logs/server_reasoning_q2_s0.3__tuned_n40_r1.log,0,0,0.97,40,68,0,87552
logs/server_reasoning_q2_s1.0__default_r1.log,9,9,1.00,63,32,0,87552
logs/server_reasoning_q2_s1.0__mine_a1.0_r1.log,0,0,0.99,62,36,19,87552
logs/server_reasoning_q2_s1.0__tuned_n40_r1.log,3,3,1.00,40,40,0,87552
logs/server_reasoning_q4__ablated_r1.log,29,29,1.00,84,58,0,87552
logs/server_reasoning_q4__default_r1.log,29,29,1.00,84,58,0,87552
logs/server_reasoning_q4__mine_a1.0_r1.log,0,0,1.00,59,59,11,87552
logs/server_reasoning_q4__tuned_n40_r1.log,4,4,1.00,40,73,0,87552
