cond,reps,n_ok,n_ok_min,n_ok_max,n_err,n_err_min,n_err_max,wall_s,wall_s_min,wall_s_max,ttft_p50,ttft_p50_min,ttft_p50_max,ttft_p99,ttft_p99_min,ttft_p99_max,ttft_mean,ttft_mean_min,ttft_mean_max,wait10_reqs,wait10_reqs_min,wait10_reqs_max,tpot_p50,tpot_p50_min,tpot_p50_max,tpot_p99,tpot_p99_min,tpot_p99_max,maxitl_p99,maxitl_p99_min,maxitl_p99_max,e2e_p50,e2e_p50_min,e2e_p50_max,e2e_p99,e2e_p99_min,e2e_p99_max,out_tok_s,out_tok_s_min,out_tok_s_max,cache_hit_%,cache_hit_%_min,cache_hit_%_max,slo_%,slo_%_min,slo_%_max,goodput_rps,goodput_rps_min,goodput_rps_max,aux_slo_%,aux_slo_%_min,aux_slo_%_max,stall5_reqs,stall5_reqs_min,stall5_reqs_max,stall_max_s,stall_max_s_min,stall_max_s_max,retracted,retracted_min,retracted_max,max_usage,max_usage_min,max_usage_max,max_running,max_running_min,max_running_max,max_queue,max_queue_min,max_queue_max,graph_%,graph_%_min,graph_%_max,peak_delays,peak_delays_min,peak_delays_max,recompute_tok,recompute_tok_min,recompute_tok_max
reasoning_q2__ablated,3,120,120,120,0,0,0,285.3,285.3,286.3,59.452500000000796,57.72999999999939,60.9159999999993,64451.77841999999,63638.24927,64970.617589999994,19118.103208333334,18928.193816666666,19273.519350000002,43,43,43,24.013201291966848,23.982563280389755,24.11887703126407,92.8534995198249,92.82484673781416,93.36190623563,63239.61555,62334.30558000001,63589.32823,88461.6295,87149.92800000001,88952.4005,241654.15689000004,240558.59868000002,242495.86604000002,1182.6133999214378,1178.4652452322184,1182.927912348552,11.517422578283155,11.515268983934186,11.526036955679029,96.66666666666667,95.83333333333333,96.66666666666667,0.4065493131699828,0.4016308517593274,0.4066574337199741,82.5,82.5,83.33333333333333,21,20,21,64.72577799999999,63.76113,65.100071,21,20,21,1.0,1.0,1.0,68,68,68,59,59,59,nan,55.25606469002695,55.376344086021504,0,0,0,22556.0,21486.0,22575.0
reasoning_q2__cap65k,1,120,120,120,0,0,0,305.5,305.5,305.5,78.58550000000086,78.58550000000086,78.58550000000086,114040.83099000002,114040.83099000002,114040.83099000002,35305.0203,35305.0203,35305.0203,59,59,59,20.750613898835912,20.750613898835912,20.750613898835912,76.73647082994844,76.73647082994844,76.73647082994844,103755.94630000003,103755.94630000003,103755.94630000003,95551.74849999999,95551.74849999999,95551.74849999999,245066.82358000003,245066.82358000003,245066.82358000003,1104.5724930492147,1104.5724930492147,1104.5724930492147,11.526036955679029,11.526036955679029,11.526036955679029,97.5,97.5,97.5,0.3829944957569595,0.3829944957569595,0.3829944957569595,81.66666666666667,81.66666666666667,81.66666666666667,22,22,22,113.379221,113.379221,113.379221,22,22,22,1.0,1.0,1.0,56,56,56,72,72,72,nan,56.42857142857143,56.42857142857143,0,0,0,22344.0,22344.0,22344.0
reasoning_q2__default,3,120,120,120,0,0,0,285.2,285.0,285.7,62.23449999999886,59.430999999998235,62.73049999999891,64247.82145,64122.69472000001,64340.75782,19014.45781666667,19002.1026,19042.408,43,43,43,24.00447179758018,23.980626187689356,24.12650749863772,93.17261231627637,93.07476881240878,93.45630422912788,63093.58677000001,62786.48082,63142.98416,86787.9635,86685.85399999999,87370.60800000001,240795.71177000005,240609.25879000008,243109.28964000003,1183.2510315561824,1181.1187805695295,1184.013991753837,11.517422578283155,11.517422578283155,11.526036955679029,95.83333333333333,95.83333333333333,95.83333333333333,0.4032618879272655,0.40253519888539613,0.40352191116959885,84.16666666666667,83.33333333333333,84.16666666666667,19,19,20,64.73807,64.268586,64.798573,19,19,20,1.0,1.0,1.0,68,68,68,59,59,59,nan,55.25606469002695,55.4054054054054,0,0,0,20276.0,20270.0,21452.0
reasoning_q2__mine_a0.5,1,120,120,120,0,0,0,285.2,285.2,285.2,60.02649999999932,60.02649999999932,60.02649999999932,64369.84941,64369.84941,64369.84941,19049.7316,19049.7316,19049.7316,43,43,43,24.012739241565843,24.012739241565843,24.012739241565843,93.20461043933581,93.20461043933581,93.20461043933581,63184.00894000001,63184.00894000001,63184.00894000001,86819.70500000002,86819.70500000002,86819.70500000002,240837.52615000005,240837.52615000005,240837.52615000005,1183.0429724276796,1183.0429724276796,1183.0429724276796,11.517422578283155,11.517422578283155,11.517422578283155,95.83333333333333,95.83333333333333,95.83333333333333,0.40319097962909123,0.40319097962909123,0.40319097962909123,84.16666666666667,84.16666666666667,84.16666666666667,19,19,19,64.840316,64.840316,64.840316,19,19,19,1.0,1.0,1.0,68,68,68,59,59,59,nan,55.25606469002695,55.25606469002695,0,0,0,20279.0,20279.0,20279.0
reasoning_q2__mine_a0.6,1,120,120,120,0,0,0,285.8,285.8,285.8,63.14900000000101,63.14900000000101,63.14900000000101,64026.36961000001,64026.36961000001,64026.36961000001,18966.785083333332,18966.785083333332,18966.785083333332,43,43,43,24.124383986888255,24.124383986888255,24.124383986888255,93.35058800964156,93.35058800964156,93.35058800964156,62683.783240000004,62683.783240000004,62683.783240000004,87353.8095,87353.8095,87353.8095,243251.09622,243251.09622,243251.09622,1180.569082558544,1180.569082558544,1180.569082558544,11.526036955679029,11.526036955679029,11.526036955679029,95.83333333333333,95.83333333333333,95.83333333333333,0.40234785718715294,0.40234785718715294,0.40234785718715294,83.33333333333333,83.33333333333333,83.33333333333333,20,20,20,64.15773200000001,64.15773200000001,64.15773200000001,20,20,20,1.0,1.0,1.0,68,68,68,59,59,59,nan,55.4054054054054,55.4054054054054,0,0,0,21451.0,21451.0,21451.0
reasoning_q2__mine_a0.75,1,120,120,120,0,0,0,285.1,285.1,285.1,60.93799999999927,60.93799999999927,60.93799999999927,62680.71984,62680.71984,62680.71984,21829.98745,21829.98745,21829.98745,49,49,49,23.861806658749213,23.861806658749213,23.861806658749213,62.638830290764595,62.638830290764595,62.638830290764595,62268.12747,62268.12747,62268.12747,86436.95449999999,86436.95449999999,86436.95449999999,239454.49418000007,239454.49418000007,239454.49418000007,1183.6354901774982,1183.6354901774982,1183.6354901774982,11.532497738725933,11.532497738725933,11.532497738725933,98.33333333333333,98.33333333333333,98.33333333333333,0.4139162080796626,0.4139162080796626,0.4139162080796626,89.16666666666667,89.16666666666667,89.16666666666667,13,13,13,62.51074,62.51074,62.51074,13,13,13,1.0,1.0,1.0,65,65,65,59,59,59,nan,55.67567567567568,55.67567567567568,1,1,1,16167.0,16167.0,16167.0
reasoning_q2__mine_a0.9,1,120,120,120,0,0,0,276.4,276.4,276.4,65.57900000000139,65.57900000000139,65.57900000000139,64286.07018,64286.07018,64286.07018,26699.240333333335,26699.240333333335,26699.240333333335,57,57,57,23.31812854085608,23.31812854085608,23.31812854085608,45.03100977103243,45.03100977103243,45.03100977103243,59371.29107,59371.29107,59371.29107,87796.4915,87796.4915,87796.4915,230917.20976,230917.20976,230917.20976,1220.6718408396118,1220.6718408396118,1220.6718408396118,11.519576172632123,11.519576172632123,11.519576172632123,99.16666666666667,99.16666666666667,99.16666666666667,0.43048530837207327,0.43048530837207327,0.43048530837207327,94.16666666666667,94.16666666666667,94.16666666666667,7,7,7,60.07152,60.07152,60.07152,7,7,7,1.0,1.0,1.0,58,58,58,60,60,60,nan,51.724137931034484,51.724137931034484,8,8,8,9871.0,9871.0,9871.0
reasoning_q2__mine_a1.0_p16,1,120,120,120,0,0,0,272.8,272.8,272.8,18350.880999999998,18350.880999999998,18350.880999999998,90144.79863,90144.79863,90144.79863,29979.827108333335,29979.827108333335,29979.827108333335,60,60,60,22.859722323174434,22.859722323174434,22.859722323174434,24.46508965258207,24.46508965258207,24.46508965258207,107.54666999999486,107.54666999999486,107.54666999999486,89799.20550000001,89799.20550000001,89799.20550000001,227274.38455999998,227274.38455999998,227274.38455999998,1236.865055618955,1236.865055618955,1236.865055618955,10.543997932549425,10.543997932549425,10.543997932549425,100.0,100.0,100.0,0.4398615626636239,0.4398615626636239,0.4398615626636239,100.0,100.0,100.0,0,0,0,0.10755199999999832,0.10755199999999832,0.10755199999999832,0,0,0,0.98,0.98,0.98,54,54,54,59,59,59,nan,50.0,50.0,25,25,25,0.0,0.0,0.0
reasoning_q2__mine_a1.0,3,120,120,120,0,0,0,272.8,272.8,273.0,8103.903500000001,6130.610000000001,8110.9225000000015,92256.11167,92245.20254000001,92355.33411,30111.654483333332,30085.889983333334,30144.264124999998,60,60,60,22.977369307267693,22.97536023360675,22.990550326743268,24.35196940316494,24.349299531102773,24.365010264610152,106.52600000000234,106.20381000000307,106.59348000001131,91165.99600000001,91149.74050000001,91245.84,227315.6879,227277.47263,227373.05538,1236.7328158844473,1236.243152779409,1236.843652179345,11.52172976698109,11.52172976698109,11.52172976698109,100.0,100.0,100.0,0.4398145347554438,0.43964039774867625,0.4398539510407145,100.0,100.0,100.0,0,0,0,0.10652699999999982,0.10620699999999772,0.10660300000000689,0,0,0,1.0,1.0,1.0,55,55,55,59,59,59,nan,50.87719298245614,50.87719298245614,24,24,24,0.0,0.0,0.0
reasoning_q2__noradix,1,120,120,120,0,0,0,275.6,275.6,275.6,16811.315000000002,16811.315000000002,16811.315000000002,89934.5998,89934.5998,89934.5998,30266.271058333332,30266.271058333332,30266.271058333332,60,60,60,23.28247379690078,23.28247379690078,23.28247379690078,25.02838415884049,25.02838415884049,25.02838415884049,122.75281000000348,122.75281000000348,122.75281000000348,92033.4565,92033.4565,92033.4565,229937.61899000002,229937.61899000002,229937.61899000002,1224.4078874085112,1224.4078874085112,1224.4078874085112,0.0,0.0,0.0,100.0,100.0,100.0,0.43543146784405007,0.43543146784405007,0.43543146784405007,100.0,100.0,100.0,0,0,0,0.12276199999999449,0.12276199999999449,0.12276199999999449,0,0,0,0.99,0.99,0.99,54,54,54,60,60,60,nan,49.705882352941174,49.705882352941174,0,0,0,0.0,0.0,0.0
reasoning_q2__tuned_n24,1,120,120,120,0,0,0,313.9,313.9,313.9,60864.4965,60864.4965,60864.4965,156268.46003000002,156268.46003000002,156268.46003000002,62598.388191666665,62598.388191666665,62598.388191666665,90,90,90,18.14826586943976,18.14826586943976,18.14826586943976,20.289133685094587,20.289133685094587,20.289133685094587,45.305810000000044,45.305810000000044,45.305810000000044,109160.113,109160.113,109160.113,262710.00019,262710.00019,262710.00019,1074.8087539548671,1074.8087539548671,1074.8087539548671,11.536804927423871,11.536804927423871,11.536804927423871,100.0,100.0,100.0,0.3822301033822538,0.3822301033822538,0.3822301033822538,100.0,100.0,100.0,0,0,0,0.04531799999999997,0.04531799999999997,0.04531799999999997,0,0,0,0.79,0.79,0.79,24,24,24,74,74,74,nan,100.0,100.0,0,0,0,0.0,0.0,0.0
reasoning_q2__tuned_n32,1,120,120,120,0,0,0,294.7,294.7,294.7,39110.247,39110.247,39110.247,114613.79265999999,114613.79265999999,114613.79265999999,45569.52921666667,45569.52921666667,45569.52921666667,82,82,82,21.23372675452628,21.23372675452628,21.23372675452628,22.63624108144967,22.63624108144967,22.63624108144967,70.18904999999904,70.18904999999904,70.18904999999904,102422.476,102422.476,102422.476,248054.03523,248054.03523,248054.03523,1145.1515504142744,1145.1515504142744,1145.1515504142744,11.536804927423871,11.536804927423871,11.536804927423871,100.0,100.0,100.0,0.4072458415439893,0.4072458415439893,0.4072458415439893,100.0,100.0,100.0,0,0,0,0.07338699999999676,0.07338699999999676,0.07338699999999676,0,0,0,0.85,0.85,0.85,32,32,32,64,64,64,nan,45.8974358974359,45.8974358974359,0,0,0,0.0,0.0,0.0
reasoning_q2__tuned_n40,1,120,120,120,0,0,0,277.9,277.9,277.9,28868.686499999996,28868.686499999996,28868.686499999996,93515.30446000001,93515.30446000001,93515.30446000001,35178.47320833334,35178.47320833334,35178.47320833334,71,71,71,22.349536339842633,22.349536339842633,22.349536339842633,24.31420589902429,24.31420589902429,24.31420589902429,94.8712399999971,94.8712399999971,94.8712399999971,94393.595,94393.595,94393.595,232233.65313,232233.65313,232233.65313,1214.2535758006882,1214.2535758006882,1214.2535758006882,11.534651333074901,11.534651333074901,11.534651333074901,100.0,100.0,100.0,0.43182032906112494,0.43182032906112494,0.43182032906112494,100.0,100.0,100.0,0,0,0,0.09489600000000564,0.09489600000000564,0.09489600000000564,0,0,0,0.97,0.97,0.97,40,40,40,57,57,57,nan,48.717948717948715,48.717948717948715,0,0,0,0.0,0.0,0.0
reasoning_q2__tuned_n48,1,120,120,120,0,0,0,274.4,274.4,274.4,16317.0045,16317.0045,16317.0045,72932.63007,72932.63007,72932.63007,28497.332883333333,28497.332883333333,28497.332883333333,63,63,63,23.382466456942282,23.382466456942282,23.382466456942282,78.4322579481862,78.4322579481862,78.4322579481862,76111.48926999999,76111.48926999999,76111.48926999999,94304.087,94304.087,94304.087,229202.70001000003,229202.70001000003,229202.70001000003,1229.8216177880913,1229.8216177880913,1229.8216177880913,11.513115389585218,11.513115389585218,11.513115389585218,97.5,97.5,97.5,0.426422813658435,0.426422813658435,0.426422813658435,95.83333333333333,95.83333333333333,95.83333333333333,5,5,5,76.36737099999999,76.36737099999999,76.36737099999999,5,5,5,1.0,1.0,1.0,48,48,48,55,55,55,nan,48.97360703812317,48.97360703812317,0,0,0,4537.0,4537.0,4537.0
reasoning_q2__upstream,1,120,120,120,0,0,0,285.7,285.7,285.7,58.60399999999988,58.60399999999988,58.60399999999988,64319.81776,64319.81776,64319.81776,19032.640575,19032.640575,19032.640575,43,43,43,23.999477437904105,23.999477437904105,23.999477437904105,93.23609047509069,93.23609047509069,93.23609047509069,63152.47923,63152.47923,63152.47923,86887.212,86887.212,86887.212,241324.13904,241324.13904,241324.13904,1181.1151258797527,1181.1151258797527,1181.1151258797527,11.517422578283155,11.517422578283155,11.517422578283155,95.83333333333333,95.83333333333333,95.83333333333333,0.40253395333642994,0.40253395333642994,0.40253395333642994,84.16666666666667,84.16666666666667,84.16666666666667,19,19,19,64.809425,64.809425,64.809425,19,19,19,1.0,1.0,1.0,68,68,68,59,59,59,nan,55.25606469002695,55.25606469002695,0,0,0,20272.0,20272.0,20272.0
