name,file,dataset,trace,tag,n_ok,n_err,wall_s,ttft_p50,ttft_p99,ttft_mean,wait10_reqs,tpot_p50,tpot_p99,maxitl_p99,e2e_p50,e2e_p99,out_tok_s,cache_hit_%,slo_%,goodput_rps,aux_slo_%,stall5_reqs,stall_max_s,retracted,max_usage,max_running,max_queue,graph_%,peak_delays,recompute_tok,retract_events,mean_running,kv_pool,ttft_mean,retracted_metric,retracted_out_tok
reasoning__ablated_r1,results/reasoning__ablated_r1.json,.,reasoning,ablated_r1,120,0,393.2,50.12049999999135,69.42083000000935,50.639291666666935,0,16.49149251286989,20.171065483074553,53.24305000000351,38004.93049999997,152095.24012000006,858.1310652921284,11.536804927423871,100.0,0.3051738503200796,100.0,0,0.05324799999999641,0,0.76,26,0,98.47094801223241,0,0.0,0,12.894495412844037,87552,50.639291666666935,,
reasoning__mine_a1.0_r1,results/reasoning__mine_a1.0_r1.json,.,reasoning,mine_a1.0_r1,120,0,393.2,49.480499999994265,66.25203000000113,50.30750000000058,0,16.481531424947086,20.173129968870757,60.22895999998724,38007.76599999999,152058.47328000003,858.2039546357062,11.536804927423871,100.0,0.3051997716769988,100.0,0,0.060256000000009635,0,0.76,26,0,98.62385321100918,0,0.0,0,12.894495412844037,87552,50.30750000000058,,
reasoning__upstream_r1,results/reasoning__upstream_r1.json,.,reasoning,upstream_r1,120,0,393.2,51.56250000000284,69.35766000000712,50.95941666666668,0,16.478445938056407,20.154295161965557,59.43880999999806,38016.82699999999,152033.30541000003,858.1912406135039,11.536804927423871,100.0,0.305195250238182,100.0,0,0.05943999999999505,0,0.76,26,0,98.31804281345566,0,0.0,0,12.891437308868502,87552,50.95941666666668,,
reasoning__upstream_r2,results/reasoning__upstream_r2.json,.,reasoning,upstream_r2,120,0,393.2,50.77599999999194,66.02836999999937,50.69482499999894,0,16.487439994166834,20.168970588287227,60.05123999998659,38026.49599999998,152086.70599000007,858.260977020369,11.536804927423871,100.0,0.30522005032834454,100.0,0,0.0600549999999771,0,0.76,26,0,98.62385321100918,0,0.0,0,12.896024464831804,87552,50.69482499999894,,
reasoning__upstream_r3,results/reasoning__upstream_r3.json,.,reasoning,upstream_r3,120,0,393.2,49.88299999999413,70.11041999998582,50.24514999999992,0,16.4957384069356,20.161664708462016,59.73542999998813,38025.75150000003,152127.68127000006,858.17681365574,11.536804927423871,100.0,0.3051901196346795,100.0,0,0.059763000000003785,0,0.76,26,0,98.47094801223241,0,0.0,0,12.897553516819572,87552,50.24514999999992,,
reasoning_q0.5__ablated_r1,results/reasoning_q0.5__ablated_r1.json,.,reasoning_q0.5,ablated_r1,120,0,329.3,54.67600000000061,69.31995000000711,53.05187500000009,0,20.516382396195763,22.006884222399705,68.4624299999956,45680.20850000001,181732.54606000008,1024.597350606651,11.534651333074901,100.0,0.3643736151259601,100.0,0,0.0684750000000065,0,0.82,37,0,64.73029045643153,0,0.0,0,17.49585062240664,87552,53.05187500000009,,
reasoning_q0.5__default_r1,results/reasoning_q0.5__default_r1.json,.,reasoning_q0.5,default_r1,120,0,329.2,53.18350000000294,77.52031000000814,53.779433333333344,0,20.487560721235106,21.92457028294915,74.09642999999619,45495.62299999999,181507.69464000006,1024.9804558927217,11.536804927423871,100.0,0.3645098573853968,100.0,0,0.07411100000000204,0,0.82,37,0,64.93775933609959,0,0.0,0,17.493775933609957,87552,53.779433333333344,,
reasoning_q0.5__mine_a1.0_r1,results/reasoning_q0.5__mine_a1.0_r1.json,.,reasoning_q0.5,mine_a1.0_r1,120,0,329.3,53.06150000000187,82.88111000001581,53.78394166666662,0,20.505433604441187,22.019297783064378,106.1043399999869,45624.80499999999,181778.7375900001,1024.6131709741217,11.534651333074901,100.0,0.36437924126239757,100.0,0,0.10611699999998336,0,0.82,37,0,64.73029045643153,0,0.0,0,17.487551867219917,87552,53.78394166666662,,
reasoning_q1__ablated_r1,results/reasoning_q1__ablated_r1.json,.,reasoning_q1,ablated_r1,120,0,283.8,58.39149999999904,45808.76309,13730.218850000001,46,23.48391644988426,36.12866200388656,29436.741220000004,73528.5,202625.90928999998,1188.8816821502717,11.530344144376965,100.0,0.42279742010423577,95.0,6,34.349394000000004,6,0.99,54,48,56.09756097560975,0,7333.0,6,22.85907859078591,87552,13730.218850000001,6.0,5227.0
reasoning_q1__default_r1,results/reasoning_q1__default_r1.json,.,reasoning_q1,default_r1,120,0,282.4,60.65200000000104,46183.38273,13724.734074999998,46,23.572932307005345,36.43956543549438,29551.009000000002,74374.101,203642.69032,1195.0309000730654,11.52388336133006,100.0,0.4249842428238135,94.16666666666667,7,35.232772999999995,7,1.0,54,48,55.09641873278237,0,8224.0,7,23.209366391184574,87552,13724.734074999998,7.0,5767.0
reasoning_q1__mine_a1.0_r1,results/reasoning_q1__mine_a1.0_r1.json,.,reasoning_q1,mine_a1.0_r1,120,0,284.3,61.356499999998704,53522.920490000004,16192.109466666667,50,22.91064176884584,24.35661664580479,106.35821999999834,74003.08549999999,202033.77042999998,1186.7039666508447,11.526036955679029,100.0,0.4220229675168148,100.0,0,0.10637600000001157,0,1.0,53,46,55.79514824797844,13,0.0,0,22.725067385444746,87552,16192.109466666667,,
reasoning_q1__tuned_n40_r1,results/reasoning_q1__tuned_n40_r1.json,.,reasoning_q1,tuned_n40_r1,120,0,288.4,13541.310500000003,50161.2523,18825.077208333336,63,22.512574607927476,23.983451131474027,105.43949000000083,76312.75149999998,209985.33507,1170.2109615009426,11.530344144376965,100.0,0.41615762352856156,99.16666666666667,1,45.02963299999999,1,0.99,40,44,54.232804232804234,0,656.0,1,22.3015873015873,87552,18825.077208333336,1.0,305.0
reasoning_q2__ablated_r1,results/reasoning_q2__ablated_r1.json,.,reasoning_q2,ablated_r1,120,0,286.3,59.452500000000796,64970.617589999994,19273.519350000002,43,24.11887703126407,93.36190623563,63589.32823,88952.4005,241654.15689000004,1178.4652452322184,11.517422578283155,95.83333333333333,0.4016308517593274,82.5,21,65.100071,21,1.0,68,59,55.25606469002695,0,22575.0,21,22.725067385444746,87552,19273.519350000002,21.0,15203.0
reasoning_q2__ablated_r2,results/reasoning_q2__ablated_r2.json,.,reasoning_q2,ablated_r2,120,0,285.3,60.9159999999993,63638.24927,18928.193816666666,43,24.013201291966848,92.8534995198249,62334.30558000001,87149.92800000001,242495.86604000002,1182.6133999214378,11.526036955679029,96.66666666666667,0.4065493131699828,83.33333333333333,20,63.76113,20,1.0,68,59,55.25606469002695,0,21486.0,20,22.725067385444746,87552,18928.193816666666,20.0,14465.0
reasoning_q2__ablated_r3,results/reasoning_q2__ablated_r3.json,.,reasoning_q2,ablated_r3,120,0,285.3,57.72999999999939,64451.77841999999,19118.103208333334,43,23.982563280389755,92.82484673781416,63239.61555,88461.6295,240558.59868000002,1182.927912348552,11.515268983934186,96.66666666666667,0.4066574337199741,82.5,21,64.72577799999999,21,1.0,68,59,55.376344086021504,0,22556.0,21,22.672043010752688,87552,19118.103208333334,21.0,15184.0
reasoning_q2__cap65k_r1,results/reasoning_q2__cap65k_r1.json,.,reasoning_q2,cap65k_r1,120,0,305.5,78.58550000000086,114040.83099000002,35305.0203,59,20.750613898835912,76.73647082994844,103755.94630000003,95551.74849999999,245066.82358000003,1104.5724930492147,11.526036955679029,97.5,0.3829944957569595,81.66666666666667,22,113.379221,22,1.0,56,72,56.42857142857143,0,22344.0,22,20.080952380952382,65536,35305.0203,22.0,14621.0
reasoning_q2__default_r1,results/reasoning_q2__default_r1.json,.,reasoning_q2,default_r1,120,0,285.7,62.73049999999891,64122.69472000001,19002.1026,43,24.12650749863772,93.45630422912788,62786.48082,87370.60800000001,243109.28964000003,1181.1187805695295,11.526036955679029,95.83333333333333,0.40253519888539613,83.33333333333333,20,64.268586,20,1.0,68,59,55.4054054054054,0,21452.0,20,22.783783783783782,87552,19002.1026,20.0,14431.0
reasoning_q2__default_r2,results/reasoning_q2__default_r2.json,.,reasoning_q2,default_r2,120,0,285.2,59.430999999998235,64340.75782,19042.408,43,24.00447179758018,93.17261231627637,63142.98416,86787.9635,240795.71177000005,1183.2510315561824,11.517422578283155,95.83333333333333,0.4032618879272655,84.16666666666667,19,64.798573,19,1.0,68,59,55.25606469002695,0,20276.0,19,22.741239892183287,87552,19042.408,19.0,13606.0
reasoning_q2__default_r3,results/reasoning_q2__default_r3.json,.,reasoning_q2,default_r3,120,0,285.0,62.23449999999886,64247.82145,19014.45781666667,43,23.980626187689356,93.07476881240878,63093.58677000001,86685.85399999999,240609.25879000008,1184.013991753837,11.517422578283155,95.83333333333333,0.40352191116959885,84.16666666666667,19,64.73807,19,1.0,68,59,55.25606469002695,0,20270.0,19,22.73854447439353,87552,19014.45781666667,19.0,13600.0
reasoning_q2__mine_a0.5_r1,results/reasoning_q2__mine_a0.5_r1.json,.,reasoning_q2,mine_a0.5_r1,120,0,285.2,60.02649999999932,64369.84941,19049.7316,43,24.012739241565843,93.20461043933581,63184.00894000001,86819.70500000002,240837.52615000005,1183.0429724276796,11.517422578283155,95.83333333333333,0.40319097962909123,84.16666666666667,19,64.840316,19,1.0,68,59,55.25606469002695,0,20279.0,19,22.741239892183287,87552,19049.7316,19.0,13609.0
reasoning_q2__mine_a0.6_r1,results/reasoning_q2__mine_a0.6_r1.json,.,reasoning_q2,mine_a0.6_r1,120,0,285.8,63.14900000000101,64026.36961000001,18966.785083333332,43,24.124383986888255,93.35058800964156,62683.783240000004,87353.8095,243251.09622,1180.569082558544,11.526036955679029,95.83333333333333,0.40234785718715294,83.33333333333333,20,64.15773200000001,20,1.0,68,59,55.4054054054054,0,21451.0,20,22.783783783783782,87552,18966.785083333332,20.0,14430.0
reasoning_q2__mine_a0.75_r1,results/reasoning_q2__mine_a0.75_r1.json,.,reasoning_q2,mine_a0.75_r1,120,0,285.1,60.93799999999927,62680.71984,21829.98745,49,23.861806658749213,62.638830290764595,62268.12747,86436.95449999999,239454.49418000007,1183.6354901774982,11.532497738725933,98.33333333333333,0.4139162080796626,89.16666666666667,13,62.51074,13,1.0,65,59,55.67567567567568,1,16167.0,13,22.78108108108108,87552,21829.98745,13.0,11603.0
reasoning_q2__mine_a0.9_r1,results/reasoning_q2__mine_a0.9_r1.json,.,reasoning_q2,mine_a0.9_r1,120,0,276.4,65.57900000000139,64286.07018,26699.240333333335,57,23.31812854085608,45.03100977103243,59371.29107,87796.4915,230917.20976,1220.6718408396118,11.519576172632123,99.16666666666667,0.43048530837207327,94.16666666666667,7,60.07152,7,1.0,58,60,51.724137931034484,8,9871.0,7,24.235632183908045,87552,26699.240333333335,7.0,7414.0
reasoning_q2__mine_a1.0_p16_r1,results/reasoning_q2__mine_a1.0_p16_r1.json,.,reasoning_q2,mine_a1.0_p16_r1,120,0,272.8,18350.880999999998,90144.79863,29979.827108333335,60,22.859722323174434,24.46508965258207,107.54666999999486,89799.20550000001,227274.38455999998,1236.865055618955,10.543997932549425,100.0,0.4398615626636239,100.0,0,0.10755199999999832,0,0.98,54,59,50.0,25,0.0,0,24.660818713450293,87552,29979.827108333335,,
reasoning_q2__mine_a1.0_r1,results/reasoning_q2__mine_a1.0_r1.json,.,reasoning_q2,mine_a1.0_r1,120,0,272.8,6130.610000000001,92245.20254000001,30085.889983333334,60,22.977369307267693,24.349299531102773,106.20381000000307,91149.74050000001,227315.6879,1236.843652179345,11.52172976698109,100.0,0.4398539510407145,100.0,0,0.10620699999999772,0,1.0,55,59,50.87719298245614,24,0.0,0,24.660818713450293,87552,30085.889983333334,,
reasoning_q2__mine_a1.0_r2,results/reasoning_q2__mine_a1.0_r2.json,.,reasoning_q2,mine_a1.0_r2,120,0,272.8,8103.903500000001,92256.11167,30111.654483333332,60,22.97536023360675,24.35196940316494,106.59348000001131,91165.99600000001,227277.47263,1236.7328158844473,11.52172976698109,100.0,0.4398145347554438,100.0,0,0.10660300000000689,0,1.0,55,59,50.87719298245614,24,0.0,0,24.65497076023392,87552,30111.654483333332,,
reasoning_q2__mine_a1.0_r3,results/reasoning_q2__mine_a1.0_r3.json,.,reasoning_q2,mine_a1.0_r3,120,0,273.0,8110.9225000000015,92355.33411,30144.264124999998,60,22.990550326743268,24.365010264610152,106.52600000000234,91245.84,227373.05538,1236.243152779409,11.52172976698109,100.0,0.43964039774867625,100.0,0,0.10652699999999982,0,1.0,55,59,50.87719298245614,24,0.0,0,24.657894736842106,87552,30144.264124999998,,
reasoning_q2__noradix_r1,results/reasoning_q2__noradix_r1.json,.,reasoning_q2,noradix_r1,120,0,275.6,16811.315000000002,89934.5998,30266.271058333332,60,23.28247379690078,25.02838415884049,122.75281000000348,92033.4565,229937.61899000002,1224.4078874085112,0.0,100.0,0.43543146784405007,100.0,0,0.12276199999999449,0,0.99,54,60,49.705882352941174,0,0.0,0,24.823529411764707,87552,30266.271058333332,,
reasoning_q2__tuned_n24_r1,results/reasoning_q2__tuned_n24_r1.json,.,reasoning_q2,tuned_n24_r1,120,0,313.9,60864.4965,156268.46003000002,62598.388191666665,90,18.14826586943976,20.289133685094587,45.305810000000044,109160.113,262710.00019,1074.8087539548671,11.536804927423871,100.0,0.3822301033822538,100.0,0,0.04531799999999997,0,0.79,24,74,100.0,0,0.0,0,18.50219298245614,87552,62598.388191666665,,
reasoning_q2__tuned_n32_r1,results/reasoning_q2__tuned_n32_r1.json,.,reasoning_q2,tuned_n32_r1,120,0,294.7,39110.247,114613.79265999999,45569.52921666667,82,21.23372675452628,22.63624108144967,70.18904999999904,102422.476,248054.03523,1145.1515504142744,11.536804927423871,100.0,0.4072458415439893,100.0,0,0.07338699999999676,0,0.85,32,64,45.8974358974359,0,0.0,0,21.625641025641027,87552,45569.52921666667,,
reasoning_q2__tuned_n40_r1,results/reasoning_q2__tuned_n40_r1.json,.,reasoning_q2,tuned_n40_r1,120,0,277.9,28868.686499999996,93515.30446000001,35178.47320833334,71,22.349536339842633,24.31420589902429,94.8712399999971,94393.595,232233.65313,1214.2535758006882,11.534651333074901,100.0,0.43182032906112494,100.0,0,0.09489600000000564,0,0.97,40,57,48.717948717948715,0,0.0,0,24.03133903133903,87552,35178.47320833334,,
reasoning_q2__tuned_n48_r1,results/reasoning_q2__tuned_n48_r1.json,.,reasoning_q2,tuned_n48_r1,120,0,274.4,16317.0045,72932.63007,28497.332883333333,63,23.382466456942282,78.4322579481862,76111.48926999999,94304.087,229202.70001000003,1229.8216177880913,11.513115389585218,97.5,0.426422813658435,95.83333333333333,5,76.36737099999999,5,1.0,48,55,48.97360703812317,0,4537.0,5,24.718475073313783,87552,28497.332883333333,5.0,2782.0
reasoning_q2__upstream_r1,results/reasoning_q2__upstream_r1.json,.,reasoning_q2,upstream_r1,120,0,285.7,58.60399999999988,64319.81776,19032.640575,43,23.999477437904105,93.23609047509069,63152.47923,86887.212,241324.13904,1181.1151258797527,11.517422578283155,95.83333333333333,0.40253395333642994,84.16666666666667,19,64.809425,19,1.0,68,59,55.25606469002695,0,20272.0,19,22.741239892183287,87552,19032.640575,19.0,13602.0
reasoning_q2_m1000__default_r1,results/reasoning_q2_m1000__default_r1.json,.,reasoning_q2_m1000,default_r1,120,0,82.7,47.63750000000044,68.9726800000031,49.00136666666683,0,15.97655559312629,17.32663633146946,67.52071999999814,11939.1395,45504.88542000003,1361.153808892752,11.534651333074901,100.0,1.4513684529827373,100.0,0,0.06754099999999852,0,0.41,40,0,61.224489795918366,0,0.0,0,19.142857142857142,87552,49.00136666666683,,
reasoning_q2_m1000__mine_a1.0_r1,results/reasoning_q2_m1000__mine_a1.0_r1.json,.,reasoning_q2_m1000,mine_a1.0_r1,120,0,82.6,48.29849999999958,72.51358000000552,48.944175000000335,0,15.980585535556358,17.28133520398121,66.25081000000165,11878.131500000003,45423.75152000001,1361.7309098917,11.534651333074901,100.0,1.4519838031206762,100.0,0,0.06625100000000117,0,0.41,40,0,60.54421768707483,0,0.0,0,19.170068027210885,87552,48.944175000000335,,
reasoning_q2_m1000__tuned_n40_r1,results/reasoning_q2_m1000__tuned_n40_r1.json,.,reasoning_q2_m1000,tuned_n40_r1,120,0,82.7,48.293500000000655,66.29471999999744,48.86630000000018,0,15.989141939367986,17.264604553567438,67.91168000000127,11895.6655,45438.368210000015,1361.5166633387191,11.534651333074901,100.0,1.4517553567201844,100.0,0,0.0679450000000017,0,0.41,40,0,60.54421768707483,0,0.0,0,19.17687074829932,87552,48.86630000000018,,
reasoning_q2_s0.3__default_r1,results/reasoning_q2_s0.3__default_r1.json,.,reasoning_q2_s0.3,default_r1,120,0,241.7,62.564500000001466,96950.77511,27672.612399999998,53,24.704984864659735,54.42486161962728,93278.96455000002,104923.969,194768.21687000003,1447.521456849669,11.526036955679029,99.16666666666667,0.49241335027102845,77.5,27,94.221394,27,1.0,67,72,35.273972602739725,0,29193.0,27,29.972602739726028,87552,27672.612399999998,27.0,19715.0
reasoning_q2_s0.3__mine_a1.0_r1,results/reasoning_q2_s0.3__mine_a1.0_r1.json,.,reasoning_q2_s0.3,mine_a1.0_r1,120,0,241.4,43837.4145,101591.95405999999,41966.68525833333,74,22.649752002465668,24.218657316046855,109.74761999999714,107074.824,193164.65923,1448.9448130165213,11.517422578283155,100.0,0.4970395393089622,100.0,0,0.10976200000000347,0,0.99,49,72,32.441471571906355,16,0.0,0,29.270903010033443,87552,41966.68525833333,,
reasoning_q2_s0.3__tuned_n40_r1,results/reasoning_q2_s0.3__tuned_n40_r1.json,.,reasoning_q2_s0.3,tuned_n40_r1,120,0,242.6,44397.328,112370.42864,43856.20720833333,80,23.41566936388659,24.049529517241382,67.86696000000148,109550.59700000001,192835.36995000002,1441.8804437769177,11.534651333074901,100.0,0.4946162097239997,100.0,0,0.06787200000000837,0,0.97,40,68,30.100334448160535,0,0.0,0,29.237458193979933,87552,43856.20720833333,,
reasoning_q2_s1.0__default_r1,results/reasoning_q2_s1.0__default_r1.json,.,reasoning_q2_s1.0,default_r1,120,0,349.3,58.117499999998046,48476.352360000004,8426.195025,23,22.650061887882764,66.16099948373909,50263.21772000001,52257.412,314814.69687000004,897.3647932248533,11.528190550027997,98.33333333333333,0.33782767921405527,92.5,9,51.198824,9,1.0,63,32,70.62780269058295,0,9783.0,9,17.569506726457398,87552,8426.195025,9.0,6623.0
reasoning_q2_s1.0__mine_a1.0_r1,results/reasoning_q2_s1.0__mine_a1.0_r1.json,.,reasoning_q2_s1.0,mine_a1.0_r1,120,0,352.0,59.29649999999853,56179.98824,14862.648316666666,36,21.730094480830658,24.400853324619643,94.62643000000412,58905.181000000004,314351.52942000004,890.5771740536442,11.530344144376965,100.0,0.3409549512872831,100.0,0,0.09464099999999576,0,0.99,62,36,70.26431718061674,19,0.0,0,17.244493392070485,87552,14862.648316666666,,
reasoning_q2_s1.0__tuned_n40_r1,results/reasoning_q2_s1.0__tuned_n40_r1.json,.,reasoning_q2_s1.0,tuned_n40_r1,120,0,357.4,9579.400999999998,59560.92464999999,19042.590758333332,59,21.093783768428324,34.796560206704605,14251.347419999995,63564.8075,320523.23933000007,877.1197121507352,11.532497738725933,100.0,0.3358028000742986,97.5,3,14.379122999999993,3,1.0,40,40,68.6695278969957,0,2235.0,3,16.815450643776824,87552,19042.590758333332,3.0,1182.0
reasoning_q4__ablated_r1,results/reasoning_q4__ablated_r1.json,.,reasoning_q4,ablated_r1,120,0,284.7,57.87100000000045,79185.05933,16326.988558333334,34,24.401438672969896,95.24078344873705,103432.24600000004,96503.4895,251213.34746000002,1185.2472921161802,11.52388336133006,90.0,0.37935444235906823,75.83333333333333,29,109.42026700000001,29,1.0,84,58,55.70652173913044,0,26992.0,29,22.921195652173914,87552,16326.988558333334,29.0,16811.0
reasoning_q4__default_r1,results/reasoning_q4__default_r1.json,.,reasoning_q4,default_r1,120,0,285.5,59.10100000000096,75641.16530000001,16304.311966666666,34,24.47958793683799,95.00993127315846,103837.71366000004,96851.5555,251357.81720000005,1181.8441754532687,11.528190550027997,90.0,0.378265228797874,75.83333333333333,29,107.57685800000002,29,1.0,84,58,55.945945945945944,0,26973.0,29,22.802702702702703,87552,16304.311966666666,29.0,16792.0
reasoning_q4__mine_a1.0_r1,results/reasoning_q4__mine_a1.0_r1.json,.,reasoning_q4,mine_a1.0_r1,120,0,267.2,8770.128,89177.93109,35424.401216666665,60,23.17247069723045,24.624401971062607,106.52780999999777,98585.70199999999,241930.02223,1262.7673539845184,11.532497738725933,100.0,0.44907309740938856,100.0,0,0.10653100000000393,0,1.0,59,59,49.24012158054711,11,0.0,0,25.638297872340427,87552,35424.401216666665,,
reasoning_q4__tuned_n40_r1,results/reasoning_q4__tuned_n40_r1.json,.,reasoning_q4,tuned_n40_r1,120,0,271.6,34554.311499999996,107067.27836,42389.93760833333,78,22.53738296947367,44.6210046791966,46436.611500000006,101292.98000000001,248652.3616,1242.2396331140835,11.52388336133006,100.0,0.4417729029872301,96.66666666666667,4,47.214117000000016,4,1.0,40,73,43.45238095238095,0,2996.0,4,25.104166666666668,87552,42389.93760833333,4.0,1592.0
