label,events,retracted,gained,recompute_lb,recompute_ub,recompute_ub_known,recompute_ub_complete,confirmed_n,confirmed_sum,prefill_sum,prefill_excess,baseline,baseline_note,total_tokens,waste_pct,waste_basis,stalls,stall_sum,stall_mean,stall_max,exact,approx,timeonly,unmatched_slots,unmatched_stalls,delay_mean,victims,victims_slo_violation,victims_error,maxitl_p99_s,ttft_p99_s,out_tok_s,goodput_rps,slo_pct,offset_utc,offset_how,results,log,pair_note
q0.5,0,0,0,0,0,0,True,0,0,42244,0,q0.5,,383867,0.0,prefill 초과분,0,0,0.0,0.0,0,0,0,0,0,,0,0,0,0.07346962000000133,0.07017634999999728,1026.0887098060432,0.36490398146217223,100.0,,추정 불가 — 토큰이 맞는 쌍이 없고 선점 슬롯 수와 정지 수가 다르다,/workspace/inference-engine-study/project/results/reasoning_q0.5__default.json,/workspace/inference-engine-study/project/logs/server_q0.5.log,server_q0.5.log — 파일명 규칙 + 수정 시각 차 4s
q0.6,1,1,857,857,857,857,True,0,0,43101,857,q0.5,,383867,0.22325440842791905,prefill 초과분,1,9.071224,9.071224,9.071224,1,0,0,0,0,,1,0,0,0.12158500000000487,16.15548352000001,1095.38998237549,0.389549326488692,100.0,11:17:59,토큰이 정확히 맞는 후보 1쌍 중 1s 안에 모인 1쌍의 시각 차 중앙값 + 로그 시각 절삭 보정 0.5s; 첫 토큰↔Prefill 줄 일치율 99%,/workspace/inference-engine-study/project/results/reasoning_q0.6__default.json,/workspace/inference-engine-study/project/logs/server_q0.6.log,server_q0.6.log — 파일명 규칙 + 수정 시각 차 5s
q0.8,4,4,4070,4070,5474,5474,True,0,0,47721,5477,q0.5,,383867,1.4267962601630253,prefill 초과분,4,98.142403,24.53560075,25.041115999999988,4,0,0,0,0,,4,0,0,24.605189610000007,29.148230700000003,1143.7575248554729,0.40675008959602865,100.0,11:23:49,토큰이 정확히 맞는 후보 4쌍 중 1s 안에 모인 4쌍의 시각 차 중앙값 + 로그 시각 절삭 보정 0.5s; 첫 토큰↔Prefill 줄 일치율 100%,/workspace/inference-engine-study/project/results/reasoning_q0.8__default.json,/workspace/inference-engine-study/project/logs/server_q0.8.log,server_q0.8.log — 파일명 규칙 + 수정 시각 차 5s
q1,7,7,7174,7174,8228,8228,True,4,3414,50479,8235,q0.5,,383867,2.1452742746836795,prefill 초과분,7,147.25522800000005,21.03646114285715,35.25822799999999,7,0,0,0,0,13.75,7,0,0,29.493700170000004,46.46013113000001,1196.0265475338454,0.4253383211009636,100.0,09:56:06,토큰이 정확히 맞는 후보 7쌍 중 1s 안에 모인 7쌍의 시각 차 중앙값 + 로그 시각 절삭 보정 0.5s; 첫 토큰↔Prefill 줄 일치율 100%,/workspace/inference-engine-study/project/results/reasoning_q1__default.json,/workspace/inference-engine-study/project/logs/server_q1.log,server_q1.log — 파일명 규칙 + 수정 시각 차 1s
q2,20,20,18639,18639,21448,21448,True,5,4991,63696,21452,q0.5,,383867,5.58839389684448,prefill 초과분,20,1113.854673,55.69273365,64.139825,20,0,0,0,0,47.6,20,4,0,62.64721109,63.908108420000005,1183.1786736231609,0.40674363841203043,96.66666666666667,10:01:26,토큰이 정확히 맞는 후보 22쌍 중 1s 안에 모인 21쌍의 시각 차 중앙값 + 로그 시각 절삭 보정 0.5s — 우연히 토큰만 맞은 1쌍 제외; 첫 토큰↔Prefill 줄 일치율 99%,/workspace/inference-engine-study/project/results/reasoning_q2__default.json,/workspace/inference-engine-study/project/logs/server_q2.log,server_q2.log — 파일명 규칙 + 수정 시각 차 4s
q4,29,29,25561,25561,26967,26967,True,13,13750,69216,26972,q0.5,,383867,7.026391953463048,prefill 초과분,29,2240.795778,77.26881993103449,107.27729200000002,28,1,0,0,0,79.76923076923077,29,12,0,102.52134632000005,75.66116328999999,1183.797657110449,0.3788904670495432,90.0,10:06:48,토큰이 정확히 맞는 후보 28쌍 중 1s 안에 모인 28쌍의 시각 차 중앙값 + 로그 시각 절삭 보정 0.5s; 첫 토큰↔Prefill 줄 일치율 100%,/workspace/inference-engine-study/project/results/reasoning_q4__default.json,/workspace/inference-engine-study/project/logs/server_q4.log,server_q4.log — 파일명 규칙 + 수정 시각 차 4s
q8,28,28,30532,30532,32289,32289,True,16,19760,74538,32294,q0.5,,383867,8.412809645007256,prefill 초과분,28,2517.445503,89.90876796428572,116.674689,27,1,0,0,0,98.75,28,14,0,116.19852956000001,78.18004677,1162.1916886698311,0.3650867549972946,88.33333333333333,10:12:10,토큰이 정확히 맞는 후보 28쌍 중 1s 안에 모인 27쌍의 시각 차 중앙값 + 로그 시각 절삭 보정 0.5s — 우연히 토큰만 맞은 1쌍 제외; 첫 토큰↔Prefill 줄 일치율 100%,/workspace/inference-engine-study/project/results/reasoning_q8__default.json,/workspace/inference-engine-study/project/logs/server_q8.log,server_q8.log — 파일명 규칙 + 수정 시각 차 4s
ablated,0,,,,0,0,True,0,0,,,,,383867,,,0,0,0.0,0.0,0,0,0,0,0,,0,0,0,0.05196548000001741,0.06748669000000831,859.6244329326385,0.30570493091048184,100.0,,,/workspace/inference-engine-study/project/results/reasoning__ablated.json,,서버 로그 없음(클라이언트만)
batch_test,0,,,,0,0,True,0,0,,,,,0,,,0,0,0.0,0.0,0,0,0,0,0,,0,0,0,,,,,,,,/workspace/inference-engine-study/project/results/reasoning__batch_test.json,,server_batch_test.log 는 수정 시각이 39분 달라 다른 실행으로 보고 제외
default,0,,,,0,0,True,0,0,,,,,383867,,,0,0,0.0,0.0,0,0,0,0,0,,0,0,0,0.05825759000000829,0.0655959600000179,859.4391348491848,0.30563903406573206,100.0,,,/workspace/inference-engine-study/project/results/reasoning__default.json,,서버 로그 없음(클라이언트만)
nograph,0,,,,0,0,True,0,0,,,,,383867,,,0,0,0.0,0.0,0,0,0,0,0,,0,0,0,0.06322953000000013,0.0657186199999893,845.8952558748731,0.3008224764767666,100.0,,,/workspace/inference-engine-study/project/results/reasoning__nograph.json,,서버 로그 없음(클라이언트만)
noradix,0,,,,0,0,True,0,0,,,,,383867,,,0,0,0.0,0.0,0,0,0,0,0,,0,0,0,0.06927542999999815,0.0695750399999946,857.57784018434,0.3049771090027377,100.0,,,/workspace/inference-engine-study/project/results/reasoning__noradix.json,,서버 로그 없음(클라이언트만)
