source	repo_path	sha256
-	.gitignore	59d6f837f18f44a39e01292254df0a5a92e21ee8e965d0baeed2e702d2ae7c4d
research/retract_cost.py	analysis/retract_cost.py	4a37808042280db9a0cb2cfcb6cef9b666bd6934700c826dba972e514e20622b
inference-engine-study/project/results/reasoning_q2_3bar_runs.csv	data/derived/reasoning_q2_3bar_runs.csv	629476fb2f92ab4322aa238f86c64ddcaf665c459e6902e3a771064d22552f5b
research/retract_cost_out/events.csv	data/derived/retract_cost/events.csv	d878eee3e6b035d7cc589a6cba27f8f4ac7e833a54b180d03bda39c9ab5cdc4d
research/retract_cost_out/report.md	data/derived/retract_cost/report.md	8f5ea23729aa172dc6acb5cf06e1b0a0f5b91aa225f6fd9413e0a648165dda79
research/retract_cost_out/summary.csv	data/derived/retract_cost/summary.csv	124ceeca6f2f314745e595ea93b6e66f2f01a8def172294e2d5f9e8727f0662c
inference-engine-study/project/sweep.csv	data/derived/sweep_0907.csv	57ef52014ec0b01bb607a3a86746a8f3611fbc65fe83a84d5c35b4fe5d9b476e
inference-engine-study/project/results/det/w3_det_runs.csv	data/derived/w3_det_runs.csv	d91e6b3b1deb377805e5652effdb605e830065c72b42906e2ca4bcc0794b1f3e
inference-engine-study/project/results/w3_q2_grouped.csv	data/derived/w3_q2_grouped.csv	c3ed1abdc43f3c4d78d3a54b9c7e6ccdf0a4fb7f7ee37fdfcfb90206d2ea2fb6
inference-engine-study/project/results/w3_runs.csv	data/derived/w3_runs.csv	ad047341ebfd562394f4f78947e71308d4ad642b9ca5db38a8a40e1f69d70915
inference-engine-study/project/logs/w3_queue.log	data/ledger/w3_queue.log	1ece4d33dc85b1187de5f3c61dfb7465a59321afd3d57831254b2d118dac9f28
inference-engine-study/project/logs/server_reasoning_q2__default_r1.log	data/logs_sample/server_reasoning_q2__default_r1.log	cf757b7ca88e8fab399b605263c8c671766ca1db3597f40dde5fb7c99c7810a7
inference-engine-study/project/logs/server_reasoning_q2__mine_a1.0_r1.log	data/logs_sample/server_reasoning_q2__mine_a1.0_r1.log	7914208f06bd8b7d87d93ac6d5760d5ccc8641cccda48757eeecf4b3cf0b2bd9
inference-engine-study/project/logs/verify/det__reasoning_q0.2__upstream_r1__VS__reasoning_q0.2__default_off_r1.txt	data/verify/det__reasoning_q0.2__upstream_r1__VS__reasoning_q0.2__default_off_r1.txt	72e58fccd8fc9dca6ee2aa1d1a01cb3e554d1245089d83485a1962f09a93edaf
inference-engine-study/project/logs/verify/det__reasoning_q0.2__upstream_r1__VS__reasoning_q2__mine_a1.0_r1.txt	data/verify/det__reasoning_q0.2__upstream_r1__VS__reasoning_q2__mine_a1.0_r1.txt	fe362df846aa7ddcd83a2c2bd393b80eca916019054801b3399c838a1ee856f4
inference-engine-study/project/logs/verify/det__reasoning_q0.2__upstream_r1__VS__reasoning_q2__upstream_r1.txt	data/verify/det__reasoning_q0.2__upstream_r1__VS__reasoning_q2__upstream_r1.txt	46c2afff122adf96a1503f9097dc025b6c66baaaa53cdc854a0be7e7f1a85af2
inference-engine-study/project/logs/verify/det__reasoning_q0.2__upstream_r1__VS__reasoning_q2__upstream_r2.txt	data/verify/det__reasoning_q0.2__upstream_r1__VS__reasoning_q2__upstream_r2.txt	df879fa0f847e3ace676d6941738514c15563268788d9fb3d46b3a8622b4036b
inference-engine-study/project/logs/verify/det__reasoning_q2__upstream_r1__VS__reasoning_q2__default_off_r1.txt	data/verify/det__reasoning_q2__upstream_r1__VS__reasoning_q2__default_off_r1.txt	fa42de26fce233594defd0d07270b27da45c558e2614ca8937717ec6fb31cdeb
inference-engine-study/project/logs/verify/det__reasoning_q2__upstream_r1__VS__reasoning_q2__mine_a1.0_r1.txt	data/verify/det__reasoning_q2__upstream_r1__VS__reasoning_q2__mine_a1.0_r1.txt	fc22ef2ef0af66e149e7a8aabe94124fc78f6463ac91b65cc2a50bd58becb0f0
inference-engine-study/project/logs/verify/det__reasoning_q2__upstream_r1__VS__reasoning_q2__upstream_r2.txt	data/verify/det__reasoning_q2__upstream_r1__VS__reasoning_q2__upstream_r2.txt	7b7b1e54b6a1edbd4c61926c051de3bf2d3750346e7766209e7cfd2f2f2cadcd
inference-engine-study/project/logs/verify/det__reasoning_q2__upstream_r2__VS__reasoning_q2__default_off_r1.txt	data/verify/det__reasoning_q2__upstream_r2__VS__reasoning_q2__default_off_r1.txt	2fd6b772507195b43f732fd6b7f5a2cb3460ca378ad7b41eae1b812b3e156fb0
inference-engine-study/project/logs/verify/results__reasoning_q2__default_r1__VS__reasoning_q2__default_r2.txt	data/verify/results__reasoning_q2__default_r1__VS__reasoning_q2__default_r2.txt	779707dc837cd2639e93446fc444556359d86d150b6bb5170f422496c7619293
inference-engine-study/project/logs/verify/results__reasoning_q2__mine_a1.0_r1__VS__reasoning_q2__mine_a1.0_r2.txt	data/verify/results__reasoning_q2__mine_a1.0_r1__VS__reasoning_q2__mine_a1.0_r2.txt	b2bb0b9f18d85c9413e83766455e6eefa5e8f1453d7ca7fade57f20a499492a0
inference-engine-study/project/logs/verify/results__reasoning_q2__upstream_r1__VS__reasoning_q2__default_r1.txt	data/verify/results__reasoning_q2__upstream_r1__VS__reasoning_q2__default_r1.txt	a8b07e50997b2e585f133551b4381c883a8015637e2ef150fb8bd914f92b57e9
inference-engine-study/project/plan.md	docs/preregistration/plan_2026-09-13.md	7744c9234dccae8d980a23a44a2edcb066f7656476af92207b1f223c834d0950
inference-engine-study/project/patches/peak_kv_reservation.diff	patch/peak_kv_reservation.diff	bb3d8657c653efa5d48f7163994e2206099171503b6e289ef3820b12774c65c9
inference-engine-study/project/w3/__init__.py	w3/__init__.py	e3b0c44298fc1c149afbf4c8996fb92427ae41e4649b934ca495991b7852b855
inference-engine-study/project/w3/figures.py	w3/figures.py	96f9f3101394e8f7a4edce3502dcc3049dbb44fc42c6398cb981c18f2a96f7c4
inference-engine-study/project/w3/make_queues.sh	w3/make_queues.sh	fc8eb014075993c3cedad18ca65f6bf48cb4ed96b96de35524ddad04bff78791
inference-engine-study/project/w3/queues/p2_explore.txt	w3/queues/p2_explore.txt	b3ef7e6548cd9f30889e8468fa8cb5f7e628b1cf647056ee8a8efc8cf89b4a9a
inference-engine-study/project/w3/queues/p3_pareto.txt	w3/queues/p3_pareto.txt	eb774f05c00c4d4c86287a72f09f05a5987c5e716e4198aad76f296595a23088
inference-engine-study/project/w3/queues/p4_final.txt	w3/queues/p4_final.txt	4a89123cc1f503bc07f92c36c4e4ada7a7293b13bbe2e7827d121dc15bf274fa
inference-engine-study/project/w3/queues/p5p7_indep.txt	w3/queues/p5p7_indep.txt	e92bdee20ce621a82d0a408d934832f5e935d017508563f9cafcc67f5c70a416
inference-engine-study/project/w3/queues/p5p7_mine.txt	w3/queues/p5p7_mine.txt	3fed83eb05189366c05b7f2502ba3704f379ce944904ff3af5c0b3dcc0f72a02
inference-engine-study/project/w3/queues/u_upstream.txt	w3/queues/u_upstream.txt	680923b892888136c6f37ee34ea89baedb92fbf916a683fb3ceaa697d9021f01
inference-engine-study/project/w3/run_one.sh	w3/run_one.sh	35600a73bf7a0950504039704afcad56e2240a2bc9de26c98735b10fcdaf9f7f
inference-engine-study/project/w3/run_queue.sh	w3/run_queue.sh	89a81d81f1e23914d3e7db0b4adb6d8fd1badd76ea6189c045de7323f3cbf049
inference-engine-study/project/w3/runs.tsv	w3/runs.tsv	3d472fb0a34cebbf5668dd439af45a2cf42320732ade86447c9dc3f081ed5820
inference-engine-study/project/w3/select_star.py	w3/select_star.py	38946764aa9f36f8a711541e0efafa8948be8a6f4b03bf52c571698ea3c7072a
inference-engine-study/project/w3/summarize.py	w3/summarize.py	584045cd9edeb23f20070a4f2bb81bbaa6cae9b196045584392c6e51e007b500
inference-engine-study/project/w3/test_peak_kv.py	w3/test_peak_kv.py	a4528cbae853086253b0ac9ef38b9036149ca95927c11ec7da8e6bf122b6ab15
inference-engine-study/project/w3/verify_pairs.sh	w3/verify_pairs.sh	207f819b26a3abbfbb5d5b7196e6276f1626a4a022aaf648a45048349a4991dc
